Title,Price (GBP),Date
"Apple Watch SE (2nd Gen, 2023) [GPS 40mm] Smartwatch with Midnight Aluminium Case with Midnight Sport Band S/M. Fitness & Sleep Tracker, Crash Detection, Heart Rate Monitor",209.00,2024-09-16
"Apple Watch Series 10 GPS 42 mm Smartwatch with Jet Black Aluminium Case with Black Sport Band - S/M. Fitness Tracker, ECG App, Always-On Retina Display, Water Resistant",399.00,2024-09-16
"Apple Watch Series 10 GPS + Cellular 42 mm Smartwatch with Silver Aluminium Case with Denim Sport Band - S/M. Fitness Tracker, ECG App, Always-On Retina Display, Water Resistant",499.00,2024-09-16
"Apple iPad Air 11-inch (M2): Liquid Retina display, 128GB, Landscape 12MP Front Camera/12MP Back Camera, Wi-Fi 6E, Touch ID, All-Day Battery Life - Blue",559.97,2024-09-16
"Apple iPhone 16 128 GB: 5G Mobile phone Intelligence, Camera Control, A18 Chip and a Big Boost in Battery Life. Works with AirPods; Ultramarine",799.00,2024-09-16
"Playstation PlayStation 5 Console (Slim) - VIDEO_GAME_CONSOLE with powerful technology and sleek design, haptic feedback, adaptive triggers, 3D Audio, and ultra-high speed SSD",477.00,2024-09-16
"Playstation PlayStation 5 Digital Console, 1TB SSD, HDR, 4K, Black, Gamepad, Internal Data Storage, Includes Rechargable Battery, Action: Fighting Genre, Bluetooth, HDMI, 6.7 kg",385.00,2024-09-16
Apple Pencil (2nd Generation),129.00,2024-09-16
"Apple Watch SE (2nd Gen, 2023) [GPS 40mm] Smartwatch with Midnight Aluminium Case with Midnight Sport Band S/M. Fitness & Sleep Tracker, Crash Detection, Heart Rate Monitor",209.00,2024-09-16
"Apple Watch Series 10 GPS 42 mm Smartwatch with Jet Black Aluminium Case with Black Sport Band - S/M. Fitness Tracker, ECG App, Always-On Retina Display, Water Resistant",399.00,2024-09-16
"Apple Watch Series 10 GPS + Cellular 42 mm Smartwatch with Silver Aluminium Case with Denim Sport Band - S/M. Fitness Tracker, ECG App, Always-On Retina Display, Water Resistant",499.00,2024-09-16
"Apple iPad Air 11-inch (M2): Liquid Retina display, 128GB, Landscape 12MP Front Camera/12MP Back Camera, Wi-Fi 6E, Touch ID, All-Day Battery Life - Blue",559.97,2024-09-16
"Apple iPhone 16 128 GB: 5G Mobile phone Intelligence, Camera Control, A18 Chip and a Big Boost in Battery Life. Works with AirPods; Ultramarine",799.00,2024-09-16
"Playstation PlayStation 5 Console (Slim) - VIDEO_GAME_CONSOLE with powerful technology and sleek design, haptic feedback, adaptive triggers, 3D Audio, and ultra-high speed SSD",477.00,2024-09-16
"Playstation PlayStation 5 Digital Console, 1TB SSD, HDR, 4K, Black, Gamepad, Internal Data Storage, Includes Rechargable Battery, Action: Fighting Genre, Bluetooth, HDMI, 6.7 kg",388.98,2024-09-16
Apple Pencil (2nd Generation),129.00,2024-09-16
"Apple Watch SE (2nd Gen, 2023) [GPS 40mm] Smartwatch with Midnight Aluminium Case with Midnight Sport Band S/M. Fitness & Sleep Tracker, Crash Detection, Heart Rate Monitor",209.00,2024-09-16
"Apple Watch Series 10 GPS 42 mm Smartwatch with Jet Black Aluminium Case with Black Sport Band - S/M. Fitness Tracker, ECG App, Always-On Retina Display, Water Resistant",399.00,2024-09-16
"Apple Watch Series 10 GPS + Cellular 42 mm Smartwatch with Silver Aluminium Case with Denim Sport Band - S/M. Fitness Tracker, ECG App, Always-On Retina Display, Water Resistant",499.00,2024-09-16
"Apple iPad Air 11-inch (M2): Liquid Retina display, 128GB, Landscape 12MP Front Camera/12MP Back Camera, Wi-Fi 6E, Touch ID, All-Day Battery Life - Blue",559.97,2024-09-16
"Apple iPhone 16 128 GB: 5G Mobile phone Intelligence, Camera Control, A18 Chip and a Big Boost in Battery Life. Works with AirPods; Ultramarine",799.00,2024-09-16
"Playstation PlayStation 5 Console (Slim) - VIDEO_GAME_CONSOLE with powerful technology and sleek design, haptic feedback, adaptive triggers, 3D Audio, and ultra-high speed SSD",477.00,2024-09-16
"Playstation PlayStation 5 Digital Console, 1TB SSD, HDR, 4K, Black, Gamepad, Internal Data Storage, Includes Rechargable Battery, Action: Fighting Genre, Bluetooth, HDMI, 6.7 kg",388.98,2024-09-16
Apple Pencil (2nd Generation),129.00,2024-09-16
"Apple Watch SE (2nd Gen, 2023) [GPS 40mm] Smartwatch with Midnight Aluminium Case with Midnight Sport Band S/M. Fitness & Sleep Tracker, Crash Detection, Heart Rate Monitor",209.00,2024-09-16
"Apple Watch Series 10 GPS 42 mm Smartwatch with Jet Black Aluminium Case with Black Sport Band - S/M. Fitness Tracker, ECG App, Always-On Retina Display, Water Resistant",399.00,2024-09-16
"Apple Watch Series 10 GPS + Cellular 42 mm Smartwatch with Silver Aluminium Case with Denim Sport Band - S/M. Fitness Tracker, ECG App, Always-On Retina Display, Water Resistant",499.00,2024-09-16
"Apple iPad Air 11-inch (M2): Liquid Retina display, 128GB, Landscape 12MP Front Camera/12MP Back Camera, Wi-Fi 6E, Touch ID, All-Day Battery Life - Blue",559.97,2024-09-16
"Apple iPhone 16 128 GB: 5G Mobile phone Intelligence, Camera Control, A18 Chip and a Big Boost in Battery Life. Works with AirPods; Ultramarine",799.00,2024-09-16
"Playstation PlayStation 5 Console (Slim) - VIDEO_GAME_CONSOLE with powerful technology and sleek design, haptic feedback, adaptive triggers, 3D Audio, and ultra-high speed SSD",477.00,2024-09-16
"Playstation PlayStation 5 Digital Console, 1TB SSD, HDR, 4K, Black, Gamepad, Internal Data Storage, Includes Rechargable Battery, Action: Fighting Genre, Bluetooth, HDMI, 6.7 kg",388.98,2024-09-16
Apple Pencil (2nd Generation),129.00,2024-09-16
"Apple Watch SE (2nd Gen, 2023) [GPS 40mm] Smartwatch with Midnight Aluminium Case with Midnight Sport Band S/M. Fitness & Sleep Tracker, Crash Detection, Heart Rate Monitor",209.00,2024-09-16
"Apple Watch Series 10 GPS 42 mm Smartwatch with Jet Black Aluminium Case with Black Sport Band - S/M. Fitness Tracker, ECG App, Always-On Retina Display, Water Resistant",399.00,2024-09-16
"Apple Watch Series 10 GPS + Cellular 42 mm Smartwatch with Silver Aluminium Case with Denim Sport Band - S/M. Fitness Tracker, ECG App, Always-On Retina Display, Water Resistant",499.00,2024-09-16
"Apple iPad Air 11-inch (M2): Liquid Retina display, 128GB, Landscape 12MP Front Camera/12MP Back Camera, Wi-Fi 6E, Touch ID, All-Day Battery Life - Blue",559.97,2024-09-16
"Apple iPhone 16 128 GB: 5G Mobile phone Intelligence, Camera Control, A18 Chip and a Big Boost in Battery Life. Works with AirPods; Ultramarine",799.00,2024-09-16
"Playstation PlayStation 5 Console (Slim) - VIDEO_GAME_CONSOLE with powerful technology and sleek design, haptic feedback, adaptive triggers, 3D Audio, and ultra-high speed SSD",477.00,2024-09-16
"Playstation PlayStation 5 Digital Console, 1TB SSD, HDR, 4K, Black, Gamepad, Internal Data Storage, Includes Rechargable Battery, Action: Fighting Genre, Bluetooth, HDMI, 6.7 kg",388.98,2024-09-16
Apple Pencil (2nd Generation),129.00,2024-09-16
"Apple Watch SE (2nd Gen, 2023) [GPS 40mm] Smartwatch with Midnight Aluminium Case with Midnight Sport Band S/M. Fitness & Sleep Tracker, Crash Detection, Heart Rate Monitor",209.00,2024-09-17
"Apple Watch Series 10 GPS 42 mm Smartwatch with Jet Black Aluminium Case with Black Sport Band - S/M. Fitness Tracker, ECG App, Always-On Retina Display, Water Resistant",399.00,2024-09-17
"Apple Watch Series 10 GPS + Cellular 42 mm Smartwatch with Silver Aluminium Case with Denim Sport Band - S/M. Fitness Tracker, ECG App, Always-On Retina Display, Water Resistant",499.00,2024-09-17
"Apple iPad Air 11-inch (M2): Liquid Retina display, 128GB, Landscape 12MP Front Camera/12MP Back Camera, Wi-Fi 6E, Touch ID, All-Day Battery Life - Blue",559.97,2024-09-17
"Apple iPhone 16 128 GB: 5G Mobile phone Intelligence, Camera Control, A18 Chip and a Big Boost in Battery Life. Works with AirPods; Ultramarine",799.00,2024-09-17
"Playstation PlayStation 5 Console (Slim) - VIDEO_GAME_CONSOLE with powerful technology and sleek design, haptic feedback, adaptive triggers, 3D Audio, and ultra-high speed SSD",469.00,2024-09-17
"Playstation PlayStation 5 Digital Console, 1TB SSD, HDR, 4K, Black, Gamepad, Internal Data Storage, Includes Rechargable Battery, Action: Fighting Genre, Bluetooth, HDMI, 6.7 kg",388.98,2024-09-17
Apple Pencil (2nd Generation),129.00,2024-09-17
"Apple Watch SE (2nd Gen, 2023) [GPS 40mm] Smartwatch with Midnight Aluminium Case with Midnight Sport Band S/M. Fitness & Sleep Tracker, Crash Detection, Heart Rate Monitor",209.00,2024-09-17
"Apple Watch Series 10 GPS 42 mm Smartwatch with Jet Black Aluminium Case with Black Sport Band - S/M. Fitness Tracker, ECG App, Always-On Retina Display, Water Resistant",399.00,2024-09-17
"Apple Watch Series 10 GPS + Cellular 42 mm Smartwatch with Silver Aluminium Case with Denim Sport Band - S/M. Fitness Tracker, ECG App, Always-On Retina Display, Water Resistant",499.00,2024-09-17
"Apple iPad Air 11-inch (M2): Liquid Retina display, 128GB, Landscape 12MP Front Camera/12MP Back Camera, Wi-Fi 6E, Touch ID, All-Day Battery Life - Blue",559.97,2024-09-17
"Apple iPhone 16 128 GB: 5G Mobile phone Intelligence, Camera Control, A18 Chip and a Big Boost in Battery Life. Works with AirPods; Ultramarine",799.00,2024-09-17
"Playstation PlayStation 5 Console (Slim) - VIDEO_GAME_CONSOLE with powerful technology and sleek design, haptic feedback, adaptive triggers, 3D Audio, and ultra-high speed SSD",469.00,2024-09-17
"Playstation PlayStation 5 Digital Console, 1TB SSD, HDR, 4K, Black, Gamepad, Internal Data Storage, Includes Rechargable Battery, Action: Fighting Genre, Bluetooth, HDMI, 6.7 kg",388.98,2024-09-17
Apple Pencil (2nd Generation),129.00,2024-09-17
"Apple Watch SE (2nd Gen, 2023) [GPS 40mm] Smartwatch with Midnight Aluminium Case with Midnight Sport Band S/M. Fitness & Sleep Tracker, Crash Detection, Heart Rate Monitor",209.00,2024-09-17
"Apple Watch Series 10 GPS 42 mm Smartwatch with Jet Black Aluminium Case with Black Sport Band - S/M. Fitness Tracker, ECG App, Always-On Retina Display, Water Resistant",399.00,2024-09-17
"Apple Watch Series 10 GPS + Cellular 42 mm Smartwatch with Silver Aluminium Case with Denim Sport Band - S/M. Fitness Tracker, ECG App, Always-On Retina Display, Water Resistant",499.00,2024-09-17
"Apple iPad Air 11-inch (M2): Liquid Retina display, 128GB, Landscape 12MP Front Camera/12MP Back Camera, Wi-Fi 6E, Touch ID, All-Day Battery Life - Blue",559.97,2024-09-17
"Apple iPhone 16 128 GB: 5G Mobile phone Intelligence, Camera Control, A18 Chip and a Big Boost in Battery Life. Works with AirPods; Ultramarine",799.00,2024-09-17
"Playstation PlayStation 5 Console (Slim) - VIDEO_GAME_CONSOLE with powerful technology and sleek design, haptic feedback, adaptive triggers, 3D Audio, and ultra-high speed SSD",474.00,2024-09-17
"Playstation PlayStation 5 Digital Console, 1TB SSD, HDR, 4K, Black, Gamepad, Internal Data Storage, Includes Rechargable Battery, Action: Fighting Genre, Bluetooth, HDMI, 6.7 kg",388.00,2024-09-17
Apple Pencil (2nd Generation),129.00,2024-09-17
"Apple Watch SE (2nd Gen, 2023) [GPS 40mm] Smartwatch with Midnight Aluminium Case with Midnight Sport Band S/M. Fitness & Sleep Tracker, Crash Detection, Heart Rate Monitor",209.00,2024-09-17
"Apple Watch Series 10 GPS 42 mm Smartwatch with Jet Black Aluminium Case with Black Sport Band - S/M. Fitness Tracker, ECG App, Always-On Retina Display, Water Resistant",399.00,2024-09-17
"Apple Watch Series 10 GPS + Cellular 42 mm Smartwatch with Silver Aluminium Case with Denim Sport Band - S/M. Fitness Tracker, ECG App, Always-On Retina Display, Water Resistant",499.00,2024-09-17
"Apple iPad Air 11-inch (M2): Liquid Retina display, 128GB, Landscape 12MP Front Camera/12MP Back Camera, Wi-Fi 6E, Touch ID, All-Day Battery Life - Blue",559.97,2024-09-17
"Apple iPhone 16 128 GB: 5G Mobile phone Intelligence, Camera Control, A18 Chip and a Big Boost in Battery Life. Works with AirPods; Ultramarine",799.00,2024-09-17
"Playstation PlayStation 5 Console (Slim) - VIDEO_GAME_CONSOLE with powerful technology and sleek design, haptic feedback, adaptive triggers, 3D Audio, and ultra-high speed SSD",474.00,2024-09-17
"Playstation PlayStation 5 Digital Console, 1TB SSD, HDR, 4K, Black, Gamepad, Internal Data Storage, Includes Rechargable Battery, Action: Fighting Genre, Bluetooth, HDMI, 6.7 kg",388.00,2024-09-17
Apple Pencil (2nd Generation),129.00,2024-09-17
"Apple Watch SE (2nd Gen, 2023) [GPS 40mm] Smartwatch with Midnight Aluminium Case with Midnight Sport Band S/M. Fitness & Sleep Tracker, Crash Detection, Heart Rate Monitor",209.00,2024-09-17
"Apple Watch Series 10 GPS 42 mm Smartwatch with Jet Black Aluminium Case with Black Sport Band - S/M. Fitness Tracker, ECG App, Always-On Retina Display, Water Resistant",399.00,2024-09-17
"Apple Watch Series 10 GPS + Cellular 42 mm Smartwatch with Silver Aluminium Case with Denim Sport Band - S/M. Fitness Tracker, ECG App, Always-On Retina Display, Water Resistant",499.00,2024-09-17
"Apple iPad Air 11-inch (M2): Liquid Retina display, 128GB, Landscape 12MP Front Camera/12MP Back Camera, Wi-Fi 6E, Touch ID, All-Day Battery Life - Blue",559.97,2024-09-17
"Apple iPhone 16 128 GB: 5G Mobile phone Intelligence, Camera Control, A18 Chip and a Big Boost in Battery Life. Works with AirPods; Ultramarine",799.00,2024-09-17
"Playstation PlayStation 5 Console (Slim) - VIDEO_GAME_CONSOLE with powerful technology and sleek design, haptic feedback, adaptive triggers, 3D Audio, and ultra-high speed SSD",474.00,2024-09-17
"Playstation PlayStation 5 Digital Console, 1TB SSD, HDR, 4K, Black, Gamepad, Internal Data Storage, Includes Rechargable Battery, Action: Fighting Genre, Bluetooth, HDMI, 6.7 kg",388.00,2024-09-17
Apple Pencil (2nd Generation),109.00,2024-09-17
"Apple Watch SE (2nd Gen, 2023) [GPS 40mm] Smartwatch with Midnight Aluminium Case with Midnight Sport Band S/M. Fitness & Sleep Tracker, Crash Detection, Heart Rate Monitor",209.00,2024-09-17
"Apple Watch Series 10 GPS 42 mm Smartwatch with Jet Black Aluminium Case with Black Sport Band - S/M. Fitness Tracker, ECG App, Always-On Retina Display, Water Resistant",399.00,2024-09-17
"Apple Watch Series 10 GPS + Cellular 42 mm Smartwatch with Silver Aluminium Case with Denim Sport Band - S/M. Fitness Tracker, ECG App, Always-On Retina Display, Water Resistant",499.00,2024-09-17
"Apple iPad Air 11-inch (M2): Liquid Retina display, 128GB, Landscape 12MP Front Camera/12MP Back Camera, Wi-Fi 6E, Touch ID, All-Day Battery Life - Blue",559.97,2024-09-17
"Apple iPhone 16 128 GB: 5G Mobile phone Intelligence, Camera Control, A18 Chip and a Big Boost in Battery Life. Works with AirPods; Ultramarine",799.00,2024-09-17
"Playstation PlayStation 5 Console (Slim) - VIDEO_GAME_CONSOLE with powerful technology and sleek design, haptic feedback, adaptive triggers, 3D Audio, and ultra-high speed SSD",474.00,2024-09-17
"Playstation PlayStation 5 Digital Console, 1TB SSD, HDR, 4K, Black, Gamepad, Internal Data Storage, Includes Rechargable Battery, Action: Fighting Genre, Bluetooth, HDMI, 6.7 kg",388.00,2024-09-17
Apple Pencil (2nd Generation),129.00,2024-09-17
"Apple Watch SE (2nd Gen, 2023) [GPS 40mm] Smartwatch with Midnight Aluminium Case with Midnight Sport Band S/M. Fitness & Sleep Tracker, Crash Detection, Heart Rate Monitor",209.00,2024-09-17
"Apple Watch Series 10 GPS 42 mm Smartwatch with Jet Black Aluminium Case with Black Sport Band - S/M. Fitness Tracker, ECG App, Always-On Retina Display, Water Resistant",399.00,2024-09-17
"Apple Watch Series 10 GPS + Cellular 42 mm Smartwatch with Silver Aluminium Case with Denim Sport Band - S/M. Fitness Tracker, ECG App, Always-On Retina Display, Water Resistant",499.00,2024-09-17
"Apple iPad Air 11-inch (M2): Liquid Retina display, 128GB, Landscape 12MP Front Camera/12MP Back Camera, Wi-Fi 6E, Touch ID, All-Day Battery Life - Blue",559.97,2024-09-17
"Apple iPhone 16 128 GB: 5G Mobile phone Intelligence, Camera Control, A18 Chip and a Big Boost in Battery Life. Works with AirPods; Ultramarine",799.00,2024-09-17
"Playstation PlayStation 5 Console (Slim) - VIDEO_GAME_CONSOLE with powerful technology and sleek design, haptic feedback, adaptive triggers, 3D Audio, and ultra-high speed SSD",474.00,2024-09-17
"Playstation PlayStation 5 Digital Console, 1TB SSD, HDR, 4K, Black, Gamepad, Internal Data Storage, Includes Rechargable Battery, Action: Fighting Genre, Bluetooth, HDMI, 6.7 kg",388.00,2024-09-17
Apple Pencil (2nd Generation),109.00,2024-09-17
"Apple Watch SE (2nd Gen, 2023) [GPS 40mm] Smartwatch with Midnight Aluminium Case with Midnight Sport Band S/M. Fitness & Sleep Tracker, Crash Detection, Heart Rate Monitor",209.00,2024-09-17
"Apple Watch Series 10 GPS 42 mm Smartwatch with Jet Black Aluminium Case with Black Sport Band - S/M. Fitness Tracker, ECG App, Always-On Retina Display, Water Resistant",399.00,2024-09-17
"Apple Watch Series 10 GPS + Cellular 42 mm Smartwatch with Silver Aluminium Case with Denim Sport Band - S/M. Fitness Tracker, ECG App, Always-On Retina Display, Water Resistant",499.00,2024-09-17
"Apple iPad Air 11-inch (M2): Liquid Retina display, 128GB, Landscape 12MP Front Camera/12MP Back Camera, Wi-Fi 6E, Touch ID, All-Day Battery Life - Blue",559.97,2024-09-17
"Apple iPhone 16 128 GB: 5G Mobile phone Intelligence, Camera Control, A18 Chip and a Big Boost in Battery Life. Works with AirPods; Ultramarine",799.00,2024-09-17
"Playstation PlayStation 5 Console (Slim) - VIDEO_GAME_CONSOLE with powerful technology and sleek design, haptic feedback, adaptive triggers, 3D Audio, and ultra-high speed SSD",474.00,2024-09-17
"Playstation PlayStation 5 Digital Console, 1TB SSD, HDR, 4K, Black, Gamepad, Internal Data Storage, Includes Rechargable Battery, Action: Fighting Genre, Bluetooth, HDMI, 6.7 kg",388.00,2024-09-17
Apple Pencil (2nd Generation),129.00,2024-09-17
"Apple Watch SE (2nd Gen, 2023) [GPS 40mm] Smartwatch with Midnight Aluminium Case with Midnight Sport Band S/M. Fitness & Sleep Tracker, Crash Detection, Heart Rate Monitor",209.00,2024-09-17
"Apple Watch Series 10 GPS 42 mm Smartwatch with Jet Black Aluminium Case with Black Sport Band - S/M. Fitness Tracker, ECG App, Always-On Retina Display, Water Resistant",399.00,2024-09-17
"Apple Watch Series 10 GPS + Cellular 42 mm Smartwatch with Silver Aluminium Case with Denim Sport Band - S/M. Fitness Tracker, ECG App, Always-On Retina Display, Water Resistant",499.00,2024-09-17
"Apple iPad Air 11-inch (M2): Liquid Retina display, 128GB, Landscape 12MP Front Camera/12MP Back Camera, Wi-Fi 6E, Touch ID, All-Day Battery Life - Blue",559.97,2024-09-17
"Apple iPhone 16 128 GB: 5G Mobile phone Intelligence, Camera Control, A18 Chip and a Big Boost in Battery Life. Works with AirPods; Ultramarine",799.00,2024-09-17
"Playstation PlayStation 5 Console (Slim) - VIDEO_GAME_CONSOLE with powerful technology and sleek design, haptic feedback, adaptive triggers, 3D Audio, and ultra-high speed SSD",474.00,2024-09-17
"Playstation PlayStation 5 Digital Console, 1TB SSD, HDR, 4K, Black, Gamepad, Internal Data Storage, Includes Rechargable Battery, Action: Fighting Genre, Bluetooth, HDMI, 6.7 kg",388.00,2024-09-17
Apple Pencil (2nd Generation),129.00,2024-09-17
